voltage mean,voltage std,voltage kurtosis,voltage skewness,CC Q,CC charge time,voltage slope,voltage entropy,current mean,current std,current kurtosis,current skewness,CV Q,CV charge time,current slope,current entropy,capacity
4.127555275259722,0.040674369873210055,0.28010652244126266,-0.7662728857459052,0.2683640675777759,648.328,0.0002077877287420705,60.60690379110025,0.2620106181166856,0.11293506021638706,-0.9605262123684697,0.4851612003731023,0.15810271740294335,2290.8439999999996,-0.0001646766275081915,70.81217760522208,1.89105229539079
4.078064261208039,0.05548392528607481,-1.0823295702129667,0.3932601160293989,0.6700133737826813,1618.266,0.00011762483342281313,59.97944215150558,0.2527852753880964,0.10791974638563577,-0.7937578955692008,0.5821171682927339,0.1681238337697039,2459.7650000000003,-0.00014675651105532884,54.60665031699212,1.880637027686859
4.077679629514699,0.05534420039823334,-1.0706951297978646,0.39981054275053035,0.6348956779860331,1533.422,0.00012361363109373273,56.491630701055556,0.2558842926297718,0.10934752643896573,-0.8453720103824263,0.5365872160999995,0.17546482485138287,2692.125,-0.00015144391393711706,58.30599166973203,1.8806626717011388
4.077990235767507,0.055159959109121866,-1.0766672340660197,0.3943799858417055,0.6281941090929327,1517.422,0.00012459114949427795,55.65791140494143,0.2556137945230213,0.10692369597697209,-0.813202109627595,0.5513371522086573,0.16317459536861686,2357.156,-0.00015236718304759527,53.241548101007716,1.8807709009833444
4.078502217744277,0.05568834883383288,-1.0816047787029508,0.3934101922781753,0.6296801194808724,1520.266,0.00012545699873552682,55.685928316309486,0.2541100396243323,0.10792652950047558,-0.8007481223442512,0.5568136260867025,0.1687716923054992,2533.281,-0.00015084085298369525,57.57639862877981,1.8794508728285058
4.078521803727378,0.05574019807335365,-1.0811567044015924,0.3928080499826021,0.6270079826693558,1514.172,0.00012612862853448535,55.32076422791798,0.2538301501045025,0.10815028715512587,-0.7998204392768744,0.560734266092826,0.16408442554490016,2389.875,-0.0001518323628629934,52.53625636673692,1.8807003517117404
4.07836963353611,0.055277238935663255,-1.0798763477569007,0.38932323395738017,0.6133421770079998,1481.203,0.00012783386213271116,54.10432552629587,0.25343390344661376,0.1072715644039096,-0.8306535322613535,0.5309716909053239,0.16378917387820002,2435.594,-0.0001530965152512953,57.49225421209759,1.8799352523566075
4.07860838652228,0.05578308652627111,-1.0846170631797845,0.3863037456577191,0.6147200585491032,1484.5,0.00012871477847401443,54.20399360878655,0.25370143340068463,0.10796864424027984,-0.8218051574190732,0.5518189995172404,0.16144868629708833,2352.4840000000004,-0.0001541341586534322,51.60928515902083,1.8815088124038797
4.078336538983924,0.05537030053090989,-1.0827945550238287,0.3841475189522085,0.6069194358207356,1465.563,0.00012936625789620947,53.437545602884555,0.25576391744447013,0.1081346216458741,-0.8217769183452353,0.5490635311136517,0.1615858431847792,2335.0469999999996,-0.00015557698201001488,51.784960376792746,1.8696907870385844
4.0788561761734545,0.055647723650730604,-1.0841203039807932,0.38349411647693576,0.6081861421927545,1468.781,0.00012981497154408673,53.63991602205344,0.2536110400663416,0.1068514557743127,-0.8305683282700742,0.5422430997905191,0.1601575076098239,2332.0780000000004,-0.00015392617332070566,51.97550221732446,1.870052380139199
4.078865205747699,0.055516028769847584,-1.085663876921037,0.3824920629108811,0.6072195014680354,1466.594,0.0001296735615006035,53.43993834648749,0.2545385635643272,0.10756711054625881,-0.8371398270622228,0.535577566302327,0.16043447559071394,2326.718,-0.00015553947672264801,51.964048443513974,1.8700442394188577
4.080721186658414,0.05520948314815035,-1.1004808993794153,0.3388550209969242,0.5643978380948504,1363.328,0.00013886562470161702,55.190476132920125,0.2541481384049977,0.10866111938814942,-0.8730523160125916,0.5166541919084304,0.16548841586304464,2546.406,-0.0001592912805287344,58.08681087562662,1.8596518987766364
4.079385116925156,0.05559055280748621,-1.0902852397686833,0.375245279488169,0.598366533221059,1445.0149999999999,0.00013176035974635288,52.629869677473124,0.255308024792398,0.10758844650475002,-0.8419330165173742,0.5304971719225435,0.15744267361536415,2273.75,-0.00015915143658166414,50.586305222205084,1.8590746560862206
4.078994529766749,0.05557579474894498,-1.08475529525547,0.37828034073589684,0.5979562800116828,1444.047,0.00013187390966469705,52.87938308212409,0.2575245686029658,0.10774425917935941,-0.8523255904521472,0.5291274050353482,0.1572111439421483,2252.9839999999967,-0.00016076091681816568,50.34159953779296,1.8590084577709232
4.078509752627354,0.05519847089546425,-1.0867652700096824,0.37870760592253316,0.597347302540482,1442.328,0.0001310897226090301,52.77270036797688,0.25601125899321825,0.1074671660441989,-0.8592152287821144,0.5223867535633185,0.1573613412432039,2269.2970000000005,-0.00015932080726429405,51.60716174213067,1.8593622586957048
4.078414251021939,0.0552963974652071,-1.0849821709542586,0.3789796867670389,0.5949521277172347,1436.906,0.0001318569628275106,52.83296958999483,0.2567195299472077,0.10769509349120936,-0.8520958400999765,0.5237343455779921,0.15752287168063617,2265.2819999999992,-0.0001597352690398529,51.26092556857637,1.8587355450601035
4.078692312995043,0.05542013099685744,-1.0793795209892498,0.38180236121944905,0.5955748025540697,1438.4379999999999,0.00013209173678438348,52.911697132356466,0.2536073858844204,0.10819697583436323,-0.8460884773160107,0.5398044658220587,0.15794076657916842,2300.312,-0.00015796188610863525,51.675247104186504,1.847817291322145
4.078495557605798,0.055484008780209676,-1.0834663707166952,0.37967651847149947,0.5963910441692262,1440.296,0.00013196681616577485,52.858294005454695,0.2564960926560166,0.10838841316115727,-0.8418349202590512,0.5370869032474385,0.1593793872402054,2293.969,-0.0001589346408166556,52.041800627853576,1.8485252916137047
4.07842307210302,0.055148266971964205,-1.0828681818953976,0.3761913133442481,0.5895888134471208,1423.922,0.0001326765640100879,52.520052670971005,0.25272118431437635,0.10986917864712259,-0.8234173550646502,0.5547173517008569,0.1650358969091297,2504.0469999999996,-0.0001564315955858077,56.801664725220526,1.848378951850034
4.076312008614957,0.05500907742908931,-1.024254403103786,0.43133034339134907,0.6808916386613131,1643.688,0.00011462259213415139,62.929060515793054,0.2521436985384578,0.10778052098451088,-0.8337001054365087,0.5537409101321203,0.158862327476111,2416.0469999999996,-0.00015943688532182377,56.38883964245029,1.8807805437609766
4.077889232405447,0.05565738633032238,-1.0814481561473843,0.39295566242666863,0.6435215614910722,1553.797,0.00012271981569056205,56.30624557358293,0.2535345651823859,0.10846598036103963,-0.8401007075691784,0.5599576928923844,0.1535067254730711,2235.875,-0.0001625772648692854,48.44145048698089,1.8814721597443598
4.07775818319321,0.05542074107459815,-1.0858780843796068,0.3898778156183522,0.6299271959348828,1520.3899999999999,0.00012477660413173484,54.81402654969503,0.2552364917801053,0.10843212127054262,-0.8470241187520915,0.5623234828466663,0.15312283135727373,2214.531,-0.00016405625456863743,48.58900242824542,1.8810954313244785
4.077923063453639,0.05528200326442904,-1.0770923153918772,0.3965700669815367,0.6232245738370158,1504.188,0.00012583105475668532,54.585108761628504,0.25339023962211965,0.10900524850629256,-0.8370552029468614,0.5618558555439446,0.15480776981056107,2259.125,-0.0001616096475419604,48.812546268614426,1.8710089649779995
4.077612797725954,0.05534720273302171,-1.0746693711546673,0.3997967223348815,0.6261875795272567,1511.296,0.0001253660682035602,54.92064044660645,0.25560098233697426,0.10758892789644706,-0.8325258789962993,0.5453581915178993,0.15350376624834786,2216.312,-0.00016293527159351074,49.46721974007124,1.8701995151941375
4.07752839860288,0.05515082658752214,-1.0745618778092754,0.40124915873182865,0.6259246711034274,1510.547,0.00012496393459962468,55.03051722811293,0.2555581676731975,0.10800675065331669,-0.8448281343630422,0.5435809299727447,0.15557713262599196,2249.1719999999996,-0.00016110065689519645,49.800030315019754,1.8706715362800985
4.077642676624836,0.0553429438454719,-1.0707442817033614,0.4007061605641371,0.6240530393107901,1506.157,0.00012586489898479817,54.936569052713736,0.2538140431732132,0.10670223329979257,-0.8634753505349364,0.5324441518377765,0.15884141946157238,2391.156,-0.00015905189066883283,55.3977032412873,1.8596124644020169
4.077927518191683,0.05532553029935584,-1.070830144569199,0.4020207061596725,0.6238185474607262,1505.609,0.0001258571524495711,55.0677430421837,0.2538965231979115,0.10951479452332502,-0.8340337878424213,0.5506806603238322,0.1591236520100346,2328.125,-0.00015884307621175206,56.03932892594578,1.860033909718346
4.07781687311656,0.05562532360267854,-1.0692875193312101,0.40453381590162657,0.6250644820092351,1508.515,0.0001262664816146563,55.18696024614858,0.2541533823756988,0.10831946467892087,-0.8412153512881808,0.5402435877824527,0.16311738346090132,2488.156,-0.0001589042654275435,55.73036243333798,1.8591653109160768
4.077518637332647,0.05519984069084155,-1.0645080342357143,0.4037914483117466,0.6209262593671763,1498.781,0.00012620193328190466,55.01532995778771,0.2562954239642922,0.10906767625306707,-0.8843817057980536,0.527157319242256,0.1566682763859456,2258.656,-0.00016215090499632903,50.90745383953395,1.8481398178778288
4.077304000433278,0.055304411187272494,-1.0596442644145583,0.4082571005854804,0.6243230658360731,1507.062,0.00012579468853379601,55.36102192694943,0.2562903971153666,0.10906432472302373,-0.8453556894316416,0.5290533586322856,0.16268575071862576,2435.9679999999944,-0.0001604905917474894,55.533524477981345,1.849201702126164
4.082713628200933,0.05573071676193831,-1.1803296664853975,0.2662974167502588,0.6194260125410469,1495.3600000000001,0.00012854818797660065,215.0389499037059,0.25002102594156217,0.10831884138767986,-0.7576158787601339,0.6131359327296797,0.16787784910235581,2674.0780000000004,-0.00016220829119315022,296.55225671784626,1.8628211117905844
4.082573584181455,0.05574543580299487,-1.1764625636240191,0.2671331232011935,0.6162353504887764,1487.7350000000001,0.00012939016382222166,213.65834887759445,0.2513135227320527,0.1079159480212163,-0.7759303613547512,0.5975458000284529,0.16103658577415655,2412.188,-0.0001626062291818434,296.61076596431894,1.852085039652352
4.08267178750139,0.055727954988051866,-1.1749758475024206,0.26981670872638713,0.6167937115881607,1488.8590000000002,0.0001292131472420938,213.632584374856,0.24941455845899105,0.10886449034199308,-0.7502980411885232,0.6026337442925627,0.16533314934153964,2520.0160000000005,-0.00015863699399223642,301.04719603225095,1.8469504648208708
4.082441251639068,0.05564937527668222,-1.1714967648065309,0.2738660425366944,0.6192664617865904,1494.75,0.00012858485670803852,214.4656911117931,0.24981385272831827,0.10804221059656037,-0.7580445401983225,0.6102874610856521,0.1621125833260662,2378.094,-0.0001576619873207184,305.6702938970036,1.836828431169018
4.082651067126811,0.055722919505377694,-1.1723037994558319,0.2710401927293493,0.6171238469934941,1489.532,0.00012920040422109764,214.1116902531795,0.2506024095355306,0.10848548588601792,-0.7469690755269038,0.6085787129166126,0.16643983616011784,2514.8909999999996,-0.0001585474832485996,303.2005213464638,1.8371619619672275
4.0825380597813234,0.05565598794168547,-1.1692069932291955,0.2713710557583595,0.6154047584370528,1485.1870000000001,0.00012952551940325062,213.33747722077308,0.25035203976058534,0.10821245686237432,-0.7562212030219895,0.610088000438586,0.16462130910358155,2459.2969999999996,-0.00015788653706123184,305.0586255843571,1.8316722583718854
4.0825332741931435,0.055544521739791464,-1.167403470189229,0.27307671021023644,0.6170951444392931,1489.25,0.00012894760474612375,213.7917149715064,0.2507994098800324,0.10775432909996907,-0.7622131300209007,0.6081298454798404,0.16609755804759652,2465.5149999999994,-0.00015617895630411576,308.0023757443695,1.8211470951317783
4.082581897689095,0.05562978260263179,-1.1671058990609808,0.27357533917763394,0.6177098201389162,1490.7959999999998,0.0001289959939821687,214.13487626964803,0.25087203573920813,0.10832529026190225,-0.7500745084906786,0.604988979078141,0.16904156889935,2548.281,-0.00015512941954800425,310.36181782047765,1.816506091511515
4.082711663012171,0.05569916509672545,-1.1663298480369415,0.27445162341983553,0.6179678772143385,1491.671,0.00012912558022091036,214.19487116988842,0.248652108921081,0.10779229405845872,-0.7623169861363297,0.601876875726434,0.16922828149718447,2564.7180000000008,-0.00015287473152846397,312.7919760854968,1.8113815601504555
4.082662646076282,0.055615191058426,-1.1662604623843391,0.2721377236261603,0.6141361068323671,1482.562,0.00012970898412007544,212.92035224160844,0.2495407212141841,0.10666439196284658,-0.7751966789039382,0.6041672953207015,0.1608540335301134,2319.9220000000005,-0.00015483281992318865,282.01202053185,1.8116056333939583
4.082697030462359,0.05548548448701696,-1.1647045903352269,0.270511633705277,0.6096476258579745,1471.625,0.0001304480232907776,211.25793143722498,0.24984602291065622,0.10740326958833335,-0.7691476221179459,0.5982458597498659,0.1674322151256095,2545.469,-0.00015545464135072325,308.2146461420485,1.8060548955557403
4.083069760247234,0.05560876062773004,-1.1657297830453652,0.2691923278050234,0.6105203337222186,1473.516,0.00013054282143402934,211.72978340977937,0.25062296190237143,0.10828898105067161,-0.7651126436487372,0.5936669876604775,0.16929622178279624,2555.4839999999967,-0.00015500555609735626,310.3072119146441,1.8132041826994056
4.082218579243468,0.05545123011059793,-1.1627639499947282,0.28048702864773006,0.638642871358437,1541.578,0.00012435343150637385,221.6655365150075,0.25117694864769813,0.10848894740539251,-0.7958964901801755,0.5913653530810502,0.16998810942497433,2566.188,-0.00015572929266511159,310.12258719971237,1.8062641938283535
4.083247063872661,0.055632890132026575,-1.1733369677569476,0.26445366352488786,0.6168290199534083,1488.797,0.0001292797939394386,213.4273240626901,0.25049619095348247,0.10805156804174987,-0.7768684326776909,0.5936821271026607,0.1684653335865722,2490.187000000001,-0.0001532023388345444,314.88413101776564,1.7958310249900458
4.0830397905561115,0.055577804800741856,-1.1695059504892402,0.2676622195806775,0.6180319377684027,1491.8899999999999,0.00012889478333609586,213.92968659214614,0.24983320344434148,0.1082859890059067,-0.7523644038808075,0.6048685115620603,0.17126215007979373,2552.125,-0.00015130851838741812,318.2065779233388,1.7858852600390451
4.0829379925616935,0.05566084099873456,-1.1705015592470742,0.2663926839417373,0.6175597723161412,1490.562,0.0001291964132578007,213.2278580548373,0.2505951356281964,0.10770123537386127,-0.7698563716403282,0.5893561737982536,0.1758177918420291,2709.7340000000004,-0.0001508425142331782,317.47565516821,1.7803268604502753
4.082329323567051,0.05515558883996337,-1.1545398987958215,0.272282839591729,0.648738771339454,1566.2030000000002,0.00012178277225631663,225.92778052233155,0.24958008851685345,0.10925475774426208,-0.7649443221005607,0.5971725319007439,0.17162910298749037,2735.6400000000003,-0.0001581539675524713,300.1907488799508,1.8150756899575577
4.083878960465782,0.05551517912471101,-1.1946925671687632,0.23107823129554425,0.6000517839651512,1448.297,0.0001325833169184363,208.26856308992825,0.25052413192774853,0.1076298093463905,-0.7954092129657626,0.5940927555455702,0.15184020977207896,2181.875,-0.00016620008813615097,263.0150158643618,1.8157025154845838
4.083594696661339,0.055605089802180395,-1.188601096238117,0.24019608996910985,0.6044044350400016,1458.6720000000003,0.00013194273588853714,209.40451134544026,0.25025648860273475,0.10768741074535883,-0.7854276957972566,0.5969269884995497,0.1583447569207022,2331.0,-0.00016227627236177074,295.6984388931845,1.8002432178056673
4.08330518522919,0.055590158625297564,-1.1845991852428237,0.2483496131789073,0.6090681560403621,1469.9219999999946,0.00013089113530711968,210.6563587086292,0.2507601091750914,0.10721859065961653,-0.763963834417678,0.5947656731724985,0.16360051777761428,2445.5,-0.00015857262390527464,302.8861843528418,1.7904476205609308
4.083571746024053,0.05562058225758294,-1.1844909406935602,0.24939578249598351,0.6103761930721556,1473.187,0.0001306444160192908,211.39238257157547,0.25104131767645677,0.1078605635340211,-0.7653771514012457,0.593866239861601,0.16861203206323425,2561.5789999999997,-0.00015633498926605248,306.8714136815348,1.780343032300132
4.083612480392617,0.05570442700965496,-1.1824840316963614,0.25121044187490743,0.6116400935364067,1476.422,0.00013055821108471432,211.3918546867962,0.2500629311302259,0.10614564142478533,-0.7506283548984709,0.6033975698175481,0.1623756666447939,2355.4220000000005,-0.00015388600888825504,311.12081875232997,1.775328769596812
4.083463902247573,0.05560965169430478,-1.1806086795053032,0.2519606973131799,0.6096606697890514,1471.75,0.0001307683079044169,210.56489802884224,0.24981513492917135,0.10676625483596601,-0.7409245146247887,0.6104822044975605,0.16505593644599426,2424.1720000000005,-0.00015342465763398371,313.12851914378086,1.7702629734732853
4.083055004175855,0.05565700583945032,-1.1793586517845767,0.2546623152684558,0.6094178176530132,1470.891,0.00013092624968670457,210.2462885601792,0.24917534418423007,0.10745872011027656,-0.7662282672217566,0.5969593040422437,0.17546934318764384,2756.344,-0.00015096403264630367,314.81580022334344,1.760081061854204
4.083567380082392,0.055645505270500446,-1.1801431145818737,0.252583817720677,0.60822791844539,1468.2340000000113,0.00013112733106946945,210.31574625517902,0.2498223457554081,0.10674528135694566,-0.7489637637921267,0.6066696013059798,0.16824604784875735,2490.5310000000027,-0.0001514879263208019,315.84660193258605,1.749647593537689
4.0833905118309275,0.0555452218659426,-1.1770790713798882,0.25606998414344967,0.609591253917861,1471.5,0.0001306687093489207,210.40028303340978,0.24893187714765128,0.10673557461534296,-0.7540059040180154,0.606355624295476,0.16893352370534617,2502.063,-0.00015008848508790736,316.0775058504839,1.749650075059311
4.083210343848201,0.055605725572025956,-1.1770514174421511,0.2565867244528646,0.610694773832879,1474.438,0.00013051400869257807,210.88834335717672,0.2496793050663596,0.10708799907425597,-0.7425264571202059,0.6113688264947426,0.17370626566646288,2639.438,-0.00014924780714087145,321.0232025093429,1.745028739214683
4.083346113325245,0.05561014697485761,-1.1766534291202093,0.25420891993658284,0.6073401449756942,1466.406,0.00013124806264021058,210.0054287931402,0.2503988104370371,0.10747814815569454,-0.7562647772428006,0.6074047340937375,0.16745599367083902,2407.3909999999996,-0.0001503614191912081,291.2826254767184,1.7396457455286727
4.08348371077505,0.05553766536227208,-1.1773595813373512,0.25354066178693785,0.6050695641251632,1460.7350000000001,0.00013161325654346192,209.51584235334616,0.24717979188905004,0.10643681335887108,-0.7471940120320268,0.6168906008108567,0.17033489312209513,2540.906,-0.0001470649196785185,323.5862466670285,1.7285642277717963
4.083474606449826,0.055576218178742975,-1.1776631478049269,0.25318432909557576,0.6072256996109814,1466.016,0.00013141234237856923,209.0875334041723,0.2491720790656724,0.10658647443277011,-0.7470235678449826,0.605959348861807,0.1733796308573783,2605.4530000000004,-0.00014740134836999406,324.1843881975715,1.723900324588418
4.08374000690033,0.05573131520932727,-1.1767246084488856,0.25306730841901676,0.6069631489361849,1465.078,0.00013166579808928443,209.22017489300123,0.24827155612500476,0.10614721676276859,-0.7417690944510391,0.60974617490517,0.17450129587080088,2640.2029999999995,-0.00014576891409914252,326.14573141103256,1.7139788776485192
4.083882443996884,0.05568242709492381,-1.1769947493978143,0.2535980299214717,0.6076540609550835,1467.094,0.0001313722145793761,209.54106186864544,0.24788393605972406,0.10660615435797359,-0.7361590101152453,0.6157206613494325,0.1704086381557582,2474.9539999999997,-0.000144937789814537,302.01064829416845,1.7139701997004613
4.083577923353146,0.05554814725563254,-1.1788361998334451,0.2511711740134449,0.6019429134976931,1453.2649999999999,0.00013226158662925472,207.6080038620177,0.25270025534299395,0.10748692379773847,-0.7556054807257437,0.5966715164499432,0.17366543812035926,2518.781,-0.0001494916769654996,323.22869009476847,1.7036521173638766
4.084107804229128,0.055523081294855496,-1.1775168720144569,0.24823627839824702,0.5984239048182748,1444.719,0.00013302546274105367,206.6526325569634,0.24842138564836141,0.10614092575759376,-0.755972318340822,0.6095180769513867,0.17133353396602083,2511.7819999999992,-0.00014507497336772483,328.13703162940755,1.7040137474382486
4.083670404625924,0.05558185852337505,-1.1769578684493525,0.25130610319623314,0.6024558723617699,1454.453,0.0001325222947751097,207.59919970522628,0.24794606968586358,0.10605326462197566,-0.7229678720813042,0.6209761889807734,0.1738936880679312,2596.406,-0.00014404736142954475,330.3184463892871,1.6935716157343033
4.0839718259725055,0.05559901016163959,-1.1765557672896572,0.2498034487763757,0.6004364383680889,1449.5929999999998,0.00013274639785272884,207.49928810601511,0.2485708179120467,0.10688499848394391,-0.7344087005383413,0.604946005507013,0.18161889500150005,2838.562,-0.00014401019227745058,328.43405974066036,1.6876577363877656
4.0837350176825185,0.05552398756440343,-1.177364569798307,0.2501873051213513,0.5997744807686661,1448.046,0.00013269635270466627,206.90145162754828,0.24704225408950092,0.10638583171350081,-0.7098308595196503,0.6312205778989741,0.17925204626347369,2727.281,-0.00014176968610896988,332.5370773719104,1.6830744356583152
4.083859827008105,0.05556194783580257,-1.1775025042667813,0.24901983666510977,0.5989153642274802,1446.078,0.0001329711474303626,206.56217039349133,0.2464244003005516,0.10571969212840125,-0.7042037587836099,0.6383106797803432,0.17242901954792272,2518.9220000000005,-0.0001410136824560194,334.92412806769835,1.6779270142025482
4.084051478232015,0.05557610762865349,-1.176981619064685,0.24902902931486443,0.5976753927036657,1443.203,0.0001333001745438654,206.40837314056412,0.24723802904085967,0.10560153782531821,-0.7335977657249422,0.6243006449757057,0.1769485655069237,2650.6409999999996,-0.00014101140055513964,333.91363603045363,1.6732060275966172
4.083915842500242,0.05547936306897345,-1.1763346859699586,0.24964516889482427,0.596025267058956,1439.141,0.00013342790759045096,205.58756299370154,0.2472759362505558,0.10618067116752462,-0.7067272354999998,0.6284636369404779,0.17666558556856832,2615.8280000000004,-0.0001406907560254626,338.3532318867574,1.6674367208253988
4.0840866376682206,0.055499002831697494,-1.1762501983170206,0.24832633495520712,0.5954231649700394,1437.562,0.00013362307980439153,205.4005980699844,0.2481250026467454,0.10721810535365282,-0.7017648317519964,0.631740402126267,0.18075933964902605,2721.266,-0.00014062714023626774,338.99918898209455,1.6622662630667526
4.084004263854038,0.055546043819096065,-1.1739814761077625,0.25049512326118306,0.5955062665797178,1437.812,0.00013371839963367572,205.2681508701404,0.24750322813098433,0.1068581261392199,-0.6957976645604336,0.6418607209789339,0.18074474816857183,2711.64,-0.0001397459878629134,340.57614079431994,1.6574243065763063
4.08407121341745,0.05545251770839747,-1.1726034789555653,0.25021591463690357,0.5940571890209024,1433.922,0.00013387926955390814,204.8464244473791,0.247455366657076,0.10674363344066191,-0.7077522962125777,0.6322729901300126,0.18426101347735166,2822.906,-0.00013885438124683875,342.94055413232695,1.652538684928734
4.083730336183499,0.05541031055612524,-1.172647474235926,0.24995881097310274,0.593522376812296,1432.984,0.00013385038180269658,204.87708329760468,0.247310799290954,0.10561751040913157,-0.7016604653766798,0.632991549104246,0.17988058645456872,2698.625,-0.000138473439256854,342.8901448834823,1.6472174627573322
4.0842502736748845,0.055384108066339095,-1.1720504094232735,0.2500863933755612,0.5916865097956444,1428.265,0.00013425882301753005,204.30660378604145,0.2477662230395998,0.10665543234210086,-0.688354122050296,0.6419272266744553,0.1820345775938592,2715.1719999999996,-0.0001380322795473891,345.1416270316172,1.6364136810898071
4.083929539193798,0.05533557351144259,-1.1699915735785487,0.25061866632181834,0.5910490535952896,1426.891,0.00013422837941424475,203.80745597793998,0.24852755245756583,0.10722225973591526,-0.6817232120718222,0.6499524284944639,0.1836547700855125,2725.4530000000004,-0.00013772217425310352,347.37443063582833,1.6362554312048496
4.083497210584222,0.05531429433542132,-1.1658866806610795,0.25760810538729795,0.609991512656505,1472.766,0.00012993142597963258,210.47366306619074,0.24624060740633133,0.10555933835235708,-0.7244500447284232,0.6283539645036545,0.17478504620510288,2555.438,-0.00013886691660450494,308.95966136793044,1.641119179218384
4.084002796505109,0.05525241993434639,-1.166797642493995,0.25147094374486967,0.5913608181322022,1427.2189999999998,0.00013403635586719162,204.43067251158158,0.2497239220499724,0.1080707901261152,-0.7042681791950045,0.641409973585777,0.18608885695780708,2788.1250000000005,-0.00013892141556364629,347.1754488874425,1.6315700789656966
4.083960755259396,0.055282576204558016,-1.1658222958206916,0.25362548370144283,0.5919008954007912,1428.407,0.00013394396618769366,204.61051012901808,0.24769699217583405,0.10828795885363915,-0.6982343180286055,0.638270300174434,0.19169004409740936,2945.829,-0.000135339124659066,351.45759500194896,1.621213282987236
4.083903246340066,0.05528530130254843,-1.1631309594461567,0.25446153701999596,0.5932226203726417,1431.8899999999999,0.00013368791860811973,204.8201278618768,0.24895157613841581,0.10782191431475366,-0.7038694377740411,0.6394779489373544,0.18593602307191165,2747.8600000000006,-0.00013674783581155473,350.5586957383525,1.6164273214762122
4.084001610911332,0.05525850144899747,-1.1637777979896633,0.25282014413837967,0.5899836880880948,1424.296,0.00013430664411955,203.81231949126195,0.24824522812741748,0.1071726574275439,-0.7084833436043079,0.6288782429503209,0.18796255549985783,2855.891,-0.00013673603334476495,349.32941313984145,1.615823510161921
4.083902941040458,0.05528928791035221,-1.1662035211857622,0.2508236011925236,0.5875539365185503,1418.594,0.00013491459884152704,202.83044156691398,0.24825755997559892,0.10653589984315617,-0.718237458334614,0.6302406721934697,0.17921584466806947,2599.0779999999995,-0.0001378017931995916,317.0778949136194,1.61672418029789
4.084047389554483,0.05523790265057679,-1.1659624937377255,0.2521420215029056,0.5842153255595967,1410.516,0.00013554701245215597,201.53411078239714,0.2458599498485196,0.10690687361550791,-0.6950682202948215,0.6450981432038687,0.1843413950685809,2765.922000000006,-0.00013517520276327003,350.15495155992096,1.6108655863730026
4.084008941613009,0.05524297952727929,-1.165439364587709,0.24997160099313626,0.5845809433771145,1411.3749999999998,0.00013549043074208725,201.36122313244056,0.24828680034159367,0.10759077829092568,-0.7159954455889888,0.6338925976911207,0.18695412961496868,2785.7969999999996,-0.00013596654256271815,353.07861685151295,1.6006603374309376
4.08417456433544,0.05525030357872574,-1.163620091274954,0.2503928074841334,0.5852095172211833,1412.641,0.0001353692541960449,201.8742897921142,0.24837288149073544,0.10677894186291706,-0.6995906344800069,0.6371766721114576,0.18863216657197066,2829.7029999999995,-0.00013429289133038027,355.9838068963998,1.5959174487005663
4.084149527823887,0.05524779184749279,-1.1609180618323738,0.2539058163746063,0.5883067812896716,1420.25,0.0001346704978176716,203.36098969836536,0.24894212693366058,0.10699737052706053,-0.7079804105804453,0.639671961893323,0.1890617354260461,2823.656,-0.00013457000661243055,356.0707508218304,1.5962179519462243
4.084025390250666,0.055179385485376584,-1.163984517474042,0.2493715766960528,0.5831684817910802,1407.6719999999998,0.00013569855974278287,201.37199341594237,0.24836032732346514,0.10678906266060902,-0.7219231622120064,0.6274172535038388,0.18755384511206377,2806.3129999999996,-0.00013565435606030824,352.00857072714484,1.5958065114633972
4.084227568220202,0.055173098194363106,-1.1637308521932126,0.24985496637311894,0.5803218462549671,1400.9999999999968,0.00013631079545295375,200.51331852950932,0.2481460337784737,0.10731582518526742,-0.7212103335524516,0.6247895598583655,0.1870435457773318,2802.9679999999935,-0.00013585631357467616,351.5311854381759,1.5906507821480704
4.084227568220202,0.055173098194363106,-1.1637308521932126,0.24985496637311894,0.5803218462549671,1400.9999999999968,0.00013631079545295375,200.51331852950932,0.2481460337784737,0.10731582518526742,-0.7212103335524516,0.6247895598583655,0.1870435457773318,2802.9679999999935,-0.00013585631357467616,351.5311854381759,1.6888211161855506
4.0833516188233805,0.0549553948742893,-1.152873730708204,0.25893119620090005,0.6152577844576546,1485.922,0.00012806543596272703,213.30774997625508,0.24828968984069288,0.10830446712285333,-0.7490434059357596,0.6231153740340444,0.19168644267579055,3081.859,-0.00014113853752871188,338.0604574289461,1.6259938279733204
4.083685476647475,0.054999040745935444,-1.1580410538412922,0.2519839535468157,0.5922267711954587,1429.953,0.000133318972596415,205.09262663896556,0.24979712505622093,0.10791169470479775,-0.7502967810379881,0.6149069276881309,0.17876107445016334,2617.4840000000004,-0.00014244836155099828,337.48607690438473,1.6157433862812898
4.08374108600808,0.0551756335820194,-1.1577470276548383,0.2530400683251008,0.591781985069764,1428.8909999999998,0.0001338049463325018,204.5446266125142,0.24797377044445604,0.10781501403553469,-0.7333913337547346,0.6238018732363755,0.18594400761370877,2852.266,-0.00013921542353792057,341.3441450705942,1.6056626764846538
4.083845726580291,0.05502382132690248,-1.1579779017071665,0.2535113392262904,0.5878777478412196,1419.563,0.0001342774261695891,203.50284133340665,0.24927958501145064,0.10821603883158097,-0.7338351204341715,0.6270428543060333,0.18597732839255054,2808.5469999999996,-0.00013973309440748553,343.8607219844942,1.5949746921524348
4.083977878908683,0.05505451624858445,-1.1586857916617126,0.2517200406824751,0.5861913645090561,1415.546,0.00013469654173237105,202.77292639510878,0.24930052356720356,0.10791254073987154,-0.7421715170365148,0.6224497956274258,0.18555700726512758,2764.9219999999996,-0.00013861472627835602,346.3960275389321,1.5904102438871945
4.083960293982513,0.05504712777600203,-1.157405233510339,0.2521743714046687,0.5856463844836506,1414.1879999999999,0.0001348366561744718,202.21635315283385,0.24858843047332826,0.1076698112055105,-0.7303125661994789,0.6306287928215972,0.18207806368259513,2636.9370000000004,-0.00013724533215844244,318.02707649588046,1.5853517062988178
4.084108221941979,0.05514820984544518,-1.1587203972528786,0.2516722129458517,0.5847092115296431,1411.9850000000001,0.00013527526757068652,201.72781755292908,0.24900406819109874,0.10713564355948982,-0.7431401850224444,0.6163500544634385,0.18884524132681002,2887.5150000000026,-0.00013755489698979938,347.51275478851403,1.5799737147242376
4.083951863458612,0.05523743766431551,-1.1584645137288736,0.25216173688088545,0.5845337679803275,1411.6399999999999,0.00013547780793890624,201.82506721031092,0.2486724913667178,0.10738026829092553,-0.7404373488291127,0.6230407081693098,0.18793182834824765,2845.8750000000005,-0.00013695764025116943,348.8383704251196,1.5752185465278068
4.0842788237907754,0.055199374727150224,-1.158727780628864,0.2513045599710484,0.5825606872473916,1406.6560000000002,0.00013590984108148438,201.40189725555524,0.24853728179111798,0.10771861402291352,-0.7511572493569405,0.6167957810068763,0.1959998102211482,3119.7809999999995,-0.0001364324817930305,349.85300815876406,1.569798484648868
4.084392296411124,0.05517739492699837,-1.1583790310945454,0.25109433294138034,0.5810694572143869,1403.125,0.00013617313489630226,200.33719955957108,0.25008222844500655,0.10778345012059154,-0.728511213948491,0.6254798944201472,0.18621194706105182,2722.031,-0.00013697754186681947,349.1387830611439,1.5702565375950357
4.0842292630026344,0.05517848081988291,-1.1580423831050966,0.25134183142028493,0.5798436082364391,1400.0929999999998,0.0001364542944067613,199.92285415917783,0.2472232056106755,0.10724715715248659,-0.7378392324274672,0.6273724120813483,0.18326455390072802,2668.531,-0.00013509337673049693,322.0889136860046,1.565249873909438
4.0842617043586324,0.05521603208269277,-1.1560259458880249,0.25201959218963516,0.5824165981634957,1406.3600000000001,0.00013594705890899132,200.78715333032758,0.24771592180273366,0.10786881464669629,-0.7151046284810203,0.6341900490399364,0.19436084289801595,3015.25,-0.000134298296364547,355.0139946833683,1.559633933561147
4.084280123945693,0.05502783710824044,-1.1555096480852065,0.2506397573879329,0.5784442347751985,1396.562,0.00013642728866424184,199.53595494313015,0.2494037579650228,0.10782122666932327,-0.7286093022485773,0.6240002089648793,0.1943306178233345,2997.5000000000005,-0.0001351474911236437,354.3043401257062,1.5649820533392105
4.083757396090765,0.055071318170696326,-1.1487133108990568,0.2637470514401835,0.5963184878497984,1440.2649999999999,0.00013229538695615502,205.82922956426592,0.24693234317808285,0.10744700243974313,-0.7444535068404923,0.6303561746084203,0.18255252290647844,2702.2969999999996,-0.00013725892278673368,343.8968642080862,1.57497949984227
4.084044848283848,0.05514863120455847,-1.1557888527280833,0.252873586667012,0.5790232267550713,1398.328,0.0001365670652034167,199.8957770183322,0.24840527032750942,0.10694779106411505,-0.7445404444357235,0.6207063081584532,0.18391321807497246,2728.4210000000003,-0.00013721215135814146,348.0511651202902,1.5652811168780458
4.084311786529428,0.05506446457248844,-1.1544790706111387,0.2525922765805504,0.5787558079500723,1397.4209999999998,0.00013647776574988782,200.15409330813068,0.24737446038672872,0.10707765061261777,-0.749137159614794,0.6201001580951583,0.18623330520866507,2795.922,-0.00013576790573462607,350.6503478724826,1.559755497470126
4.084338918485943,0.05511878885332914,-1.1541291703339958,0.2516180804286555,0.5759725231580933,1390.812,0.00013723544746072584,198.5957407981403,0.24824402162269862,0.10768164847182278,-0.7451716465317353,0.6208942122649486,0.185419383698159,2718.156,-0.00013582820211015243,351.42784788757865,1.549897685670499
4.084140740890738,0.05501338460222366,-1.154191271973239,0.2512412648992904,0.5765794510614192,1392.3290000000002,0.00013681785363250587,199.23056420491577,0.24948209019456397,0.10820901636467962,-0.7576691062472047,0.6161259617241153,0.1920861158379131,2854.2970000000005,-0.000135250444023433,356.36704832635905,1.5438771531345021
4.084143564962719,0.05495439427201772,-1.1546275781922644,0.2500079513686062,0.5735568253404956,1385.203,0.00013732655797489345,197.99421833469086,0.24802047386156975,0.10729553495567125,-0.751939588037895,0.6173090960012813,0.18419735808469714,2674.1090000000004,-0.00013498755857972388,328.4871136513246,1.5450187488690073
4.084271499749839,0.05491025426801078,-1.1555943075258932,0.24942154155400284,0.571235284132391,1379.4679999999998,0.00013776046334612965,197.36858197322894,0.24909393698444643,0.10787424039105416,-0.7355790911486739,0.6235390906996708,0.18711554599727503,2746.829,-0.00013583346466828345,352.104652711285,1.5445940154102908
4.0844357286362705,0.0551634656537266,-1.155718429701244,0.24948584119374723,0.5714526122845086,1379.9850000000001,0.00013834770926764422,196.62327885173156,0.24728947976089924,0.10698114934263596,-0.7488412219534339,0.6222750053536726,0.1898327372096527,2862.594,-0.00013406392126959213,355.1234678223934,1.5343086721758876
4.0843680486754925,0.05501919252058963,-1.1531883164495473,0.25097261034949886,0.5709799454257449,1378.781,0.00013807789470880201,196.90673121841326,0.2486260442387061,0.10657762093047336,-0.7504160763329888,0.6182556415587985,0.1848456658417215,2676.937,-0.0001339523874585927,324.67613754091326,1.5287603942958483
4.08434650772262,0.055144308457365454,-1.1528187139338193,0.25089297670307603,0.5718740783335241,1381.1570000000002,0.000138191200870952,196.8843579678017,0.24579540386110316,0.10652896603443618,-0.7660437898610772,0.6200076947948203,0.18635103134411174,2771.9690000000005,-0.00013266181919226275,356.3031197229798,1.5289260249179843
4.084359045483827,0.054974669741097146,-1.1535373436749725,0.24939813442280684,0.5685147239010908,1373.062,0.0001385824515340472,196.2913102880326,0.24681878039111874,0.10672827379907406,-0.7487849075384241,0.618761246245599,0.1848919780628501,2697.1560000000004,-0.00013313339075280938,329.7514176612311,1.529091650133123
4.084257526904833,0.05490467396015425,-1.151588227237628,0.2503412346475741,0.568979944012462,1373.9850000000001,0.00013853078998894082,195.88875372081515,0.24716969786946888,0.1066862096461946,-0.7107110199226803,0.6318520286683668,0.18933872191352147,2839.3909999999996,-0.00013286680172730456,357.8689043618448,1.5239059324661248
4.084427369671643,0.054877099677223935,-1.1503683884410725,0.25083532812076875,0.5669734346237798,1369.2820000000002,0.00013869720442980427,195.97933809412902,0.24880029720383876,0.10677293827339451,-0.7597015453208438,0.6110482494728096,0.19131634601750305,2882.9060000000004,-0.0001338831754480215,356.22194246638645,1.5186675419100615
4.084302176343468,0.05506277641292226,-1.1498411472348484,0.25046628024342604,0.5689448425849565,1373.641,0.0001387286194819067,196.0836502904922,0.24702307879887933,0.10789545149522835,-0.7263064942515327,0.6245425839685819,0.19763071211455088,3070.5789999999997,-0.0001312609105918125,360.0600078453415,1.5136482266426952
4.084495652784736,0.054981932401125345,-1.1490000932858786,0.24967777220277004,0.5676463182800685,1370.922,0.000138812994950432,195.9813041247169,0.2475286839102111,0.10739824915734493,-0.7410249297547695,0.6238018706136262,0.19000096423418847,2804.781,-0.0001321612988242563,359.93339552311056,1.5136050185229033
4.084383506273694,0.054874387439075994,-1.1505762093352812,0.24876125922708686,0.5652084492409472,1364.9679999999998,0.00013914869845693575,194.89381664175667,0.24685211607802093,0.10679678871135863,-0.7269536251464168,0.6318284816465884,0.18869602020826493,2794.328,-0.00013197980988726256,358.82731932702814,1.5139470614867965
4.084626477033043,0.055000873532228614,-1.1514860690743762,0.25050059479518766,0.5639752947863742,1361.828,0.00013973111452552874,194.26599196551132,0.24748477142994307,0.1071342309304985,-0.7399176527084066,0.6278070331633616,0.18932097446009194,2807.36,-0.00013262255032018156,359.27960724245503,1.5339599193158786
4.083608043694394,0.05506904272007218,-1.1396619801318306,0.26533027295129097,0.586647168232862,1416.688,0.00013451270798233827,202.4568056222853,0.24544756904481416,0.10687267437842204,-0.7021272235056992,0.6488501630806989,0.18616175427890067,2772.719,-0.00013294255231055673,355.55424478385413,1.5391372798653098
4.084740469763568,0.05486417540087672,-1.1489835032441713,0.25151841887476983,0.568430542358746,1372.266,0.00013842038307787153,196.41004692539752,0.24872839694802779,0.10697446051022887,-0.7408782076137967,0.6179135896781646,0.18739072850450902,2796.0,-0.0001355742777558537,352.68121098231325,1.5236247972838737
4.08426496657376,0.05490136191340745,-1.1460415909737638,0.25372799881293756,0.5702221892354783,1376.547,0.0001380189645108899,196.8551649222855,0.2482477030663859,0.10730908452426571,-0.7287614265819515,0.629893135376887,0.18931102348246678,2822.1559999999995,-0.0001339210176543497,356.38278749108895,1.5135813035589147
4.084392276845495,0.05483688502921856,-1.1461109209279878,0.2537193525070439,0.568148552387601,1371.812,0.00013829396568330342,196.40542703257358,0.24663203659712915,0.10738365900920677,-0.7291134673582746,0.6296020264127711,0.192274322559223,2907.406,-0.00013180817682377987,360.49776551027657,1.5077850749847914
4.084463716974661,0.05496589618585157,-1.1448172431428425,0.25355334485188274,0.5685892801683992,1372.7350000000001,0.00013855957663257303,196.03794047078944,0.24837341245339323,0.10670590004643007,-0.745388282064559,0.6189568664888352,0.1926630658061569,2915.7030000000004,-0.00013257024382630752,359.15166617405634,1.5031960676037333
4.084444445577065,0.05486857036903933,-1.144580523693922,0.2516065897194844,0.5664545160809333,1367.734,0.00013882176368685086,195.74966069031075,0.24706991196600486,0.10730996237642916,-0.73899300810301,0.6163349590050066,0.19619876313762682,3046.5310000000004,-0.00013180504566132452,358.8508322947282,1.4978220596995881
4.084537589644831,0.05487648774815292,-1.145420685977182,0.2503742182752746,0.5652103778574148,1364.5939999999941,0.00013915388452620943,195.44356401185686,0.24789583928962214,0.10765932410912968,-0.736507319890094,0.6233860457166871,0.19257725412258117,2877.5469999999914,-0.00013195508455762274,362.0549346380635,1.492848534633516
4.084475930313603,0.05473996538082251,-1.1430100715254763,0.25131146274821314,0.5631850562233723,1359.656,0.00013932656081986069,194.51686436799702,0.24826804533576174,0.10783200195288822,-0.7210556907439605,0.6291920019084722,0.19902269152414526,3084.125,-0.00013142613285774916,363.2178829763003,1.492414389867026
4.084545700239615,0.054844282283095465,-1.1434268590200134,0.24952362495176322,0.5635811320455153,1360.672,0.00013946861264066166,194.51644172867907,0.24868058836994605,0.10801631988148097,-0.7189106521831135,0.6358526547519396,0.2004469841643905,3089.563,-0.00013087872128694374,365.74448141735917,1.487482776538081
4.084637899793639,0.054794899974886374,-1.1417216393786345,0.2499670676764311,0.5634638181751872,1360.297,0.0001393570663772334,194.7342246952021,0.24681148577684867,0.10806948254022952,-0.720575783536419,0.6341000607993257,0.19805686768919514,3019.766,-0.00012933667003100097,367.4111344868029,1.482535148640411
4.0846928546522365,0.054759433201903907,-1.141738634659901,0.24987392702212768,0.5614927007175636,1355.656,0.00013973853657206858,194.0848165822813,0.24678386437670594,0.10792727667851969,-0.7323747882048566,0.632652958710882,0.19802350823600634,3029.359,-0.00012932367250122052,366.8983981786997,1.4827874322228984
4.084721245419487,0.05472696249284299,-1.1414750247179808,0.2491497694937738,0.5598008838602784,1351.5629999999946,0.0001400694124287612,193.551349562035,0.24763093771202374,0.10766871114180553,-0.7240415199194401,0.6306496307085254,0.20093927826235078,3123.625,-0.00012988700017999222,366.95114629793835,1.476971179775059
4.0850884710458795,0.05475847178990859,-1.1412417860092492,0.24906110372051785,0.5596404707333335,1351.203,0.00014018077504861074,193.34011286580207,0.24693229950828502,0.10801115911328414,-0.7162112456476648,0.6344233730272784,0.19907743242949721,3053.735,-0.0001291313488709836,367.53284952884445,1.4819015554137276
4.083840101714915,0.05471222610656232,-1.1295113794622493,0.27008997002103574,0.5816237119990539,1403.9850000000001,0.00013477334606994262,201.48691077906852,0.24544029822181562,0.10850179734843701,-0.7078745330979901,0.646406697176158,0.1963678610982462,3015.188,-0.000130101878805792,363.28802728947596,1.4981366198874824
4.085310981726263,0.054780569256152364,-1.1500035131322905,0.23710810988940434,0.5486505177497032,1324.422,0.00014319495659923694,189.20016391015292,0.24851793204943554,0.10767310700278553,-0.7329904486601007,0.632978738679479,0.18762044421436447,2740.328,-0.00013397679156829312,358.4922096847371,1.4820775214392872
4.084510369921949,0.0548782540748536,-1.1393189786253914,0.2528979198850826,0.5623169830011586,1357.344,0.00013989403018863024,194.0738305944264,0.24756612344428008,0.10744038841537694,-0.711587405636227,0.6374488030571599,0.19342314643324293,2889.219,-0.00013063409352894023,364.62979835911733,1.4771155312812152
4.084603718562356,0.05465730384872468,-1.1381458460717233,0.25029600081272285,0.5607147001947869,1353.219,0.00013972316654422016,193.7670832342399,0.24822271816067668,0.10819652491773799,-0.7223420369274995,0.6328466454567044,0.19944930866206279,3053.859,-0.00013033732568981917,366.99350229928035,1.4720772783056488
4.084880347492091,0.054576004918635235,-1.1369513995529883,0.2495427612896213,0.5598210018349054,1351.297,0.00013973589780838256,193.6802435426411,0.24677174577460464,0.10653025983846733,-0.7359039942320424,0.6302289782427413,0.19102512708943062,2815.657,-0.0001295700742877693,363.7378298857538,1.472248013656454
4.084777203044933,0.05462916670987552,-1.13886114301941,0.24988251608367565,0.5565571035769532,1343.672,0.00014066398141314475,192.79516914518922,0.24652335013096013,0.10759696203462388,-0.7253071601789243,0.6367461936154355,0.19872985088117923,3082.9379999999996,-0.0001302181979670496,364.479603428,1.4670106672274665
4.0848173993467505,0.05467603569628177,-1.1380825621532802,0.25021565743658014,0.5564617043255218,1343.093,0.0001408537027220383,192.50252453971706,0.24685733855989,0.1072843324689533,-0.7257080509289322,0.6289817768117314,0.19664106808270265,3017.172000000003,-0.00012981601157338734,365.80214912790336,1.4617672495335379
4.084900161138682,0.05467143847162053,-1.1374691409044078,0.2482907685142172,0.5554292215098038,1340.625,0.00014104790279978197,191.9474610212967,0.24700358844393408,0.10749426070279756,-0.7340425715696224,0.6329220153358684,0.1995224342222237,3081.0309999999995,-0.0001290942163897451,368.91995728964184,1.4566952670489708
4.085303313388796,0.054582666893254556,-1.1356750559266249,0.24775382249086333,0.5546876396898627,1338.8429999999998,0.00014102152773187238,191.9213677647782,0.24785518378816446,0.1071423333293839,-0.7298891056032843,0.6311426633382549,0.19974026258816666,3065.938,-0.0001289111561137872,369.3523829592817,1.451354972758956
4.085000317666685,0.054577513651531545,-1.1352901156915263,0.24580087984273521,0.5546615725445793,1339.125,0.00014100624725429096,191.9839591015719,0.24790642095022133,0.10773648480565724,-0.713367423010375,0.6378435044083053,0.19856212852232444,3013.25,-0.00012929301308185686,368.83789301451486,1.451615926257375
4.084966181636101,0.05462204466206253,-1.1356447910694873,0.24603622914416312,0.553176694679812,1335.375,0.00014150685859723225,191.54526371344406,0.2487058945244639,0.10842981083945542,-0.7211196217645655,0.6320122149419514,0.210032982926645,3403.312,-0.0001298590423572352,367.9086330620835,1.4468161332173683
4.085403010992422,0.05473311283539774,-1.1362712548163647,0.24578699906209334,0.5523334784995797,1333.125,0.00014201668673200963,191.0265902191237,0.24784774076428645,0.10797109286369769,-0.7198463941361255,0.6373268758284575,0.19769073443739846,2978.593999999994,-0.00012924172086744407,369.1744551262853,1.4467570607768785
4.0852665373951496,0.054455274427906764,-1.1322471544759334,0.24390435752779055,0.5515484504777797,1331.344,0.00014151863557659017,191.23607221814862,0.24689233911362746,0.10825218414643352,-0.7077741720483193,0.6396774027265311,0.20165396889632797,3090.3289999999997,-0.0001274765604000952,372.6491705460105,1.4413797481446793
4.085266591416365,0.054534811730387135,-1.130759511760874,0.2436020618337375,0.5524842693919692,1333.5629999999999,0.0001414795630027884,191.7177680585986,0.24700845602788365,0.10785434750268663,-0.7185094957438958,0.641899232037166,0.20208280570221152,3090.891,-0.00012724477407350895,373.40642151719726,1.4362456252208178
4.085387417645087,0.05448558192879948,-1.1310232530681406,0.24253686646293204,0.5502022806901017,1328.3600000000001,0.00014187260261709506,190.8021405092314,0.24719113466905224,0.10736922742215486,-0.7127701166427247,0.6385468852013777,0.20119671865073246,3089.6560000000004,-0.0001276030481985257,372.76858456273317,1.4368154153924828
4.085329176328372,0.054535751054100294,-1.1310306101780399,0.24318551683440284,0.5494360665797753,1326.297,0.00014222746868507722,190.34431661330274,0.2480875191961412,0.10766020951220369,-0.7156804847276623,0.6414059739352452,0.19859710074631035,2982.938,-0.0001284170685622422,372.2293931685398,1.4362945145860047
4.085322569239825,0.0544697255360877,-1.1319903177241626,0.24207313363777416,0.5484764663091307,1324.063,0.00014231886429523567,190.08876476615467,0.24639764328692987,0.10788584088617245,-0.7310215074143751,0.6408572058257422,0.2017357877611045,3113.328000000003,-0.00012778404534621285,372.64303149189936,1.4418575315878015
4.084731837623917,0.054328465522037454,-1.1211544975929413,0.259876159404307,0.5787810172518469,1397.344,0.0001344034233632612,200.81743858779026,0.24431776212020748,0.10758207508867533,-0.7038345971413453,0.6551208050949671,0.20175058684631003,3176.531,-0.0001269143243914731,370.75575299352016,1.4672063484781797
4.085041542343112,0.05450555990315013,-1.1324179804373546,0.2486895373367191,0.5569075458338422,1344.547,0.00014028152825898196,193.7183603978831,0.24499781151565578,0.10815235908845351,-0.6957933910742109,0.64904243386288,0.19999837373968604,3100.7339999999995,-0.00012757986863291116,368.3024343176151,1.4518640367848885
4.085046152545578,0.05456566491675983,-1.1313557749129983,0.24636933145604856,0.5554339114929246,1340.875,0.00014078732347624562,192.50899911377851,0.24683629856950856,0.1070881190440623,-0.7269156234464416,0.6391105900982252,0.19503756297503463,2963.6559999999995,-0.00012979156104999683,365.87471522550976,1.4471379752748499
4.085086732831159,0.054478839756669346,-1.1298884405786471,0.24562140435798993,0.5524161225267503,1333.641,0.000141304300581367,191.56506720640888,0.24683532048068985,0.10744352675193879,-0.7230596450581595,0.6394660893873759,0.19487008396664826,2923.5319999999997,-0.00012946214831276257,367.214042370785,1.441790586562399
4.0853548470644485,0.05455265005564658,-1.1303115618383055,0.2433520377753846,0.5518470322533036,1332.2649999999999,0.00014168284784374702,191.43100783937,0.24727654520832432,0.10746629077373664,-0.7272921358884412,0.6367870266030587,0.20257627050122154,3183.3599999999997,-0.00012923024329369135,368.968698183175,1.431630947911111
4.085215027075714,0.05429433965289362,-1.128324902001144,0.24186782367428752,0.5484476633303821,1324.062,0.00014187309335799537,190.3867902359998,0.24586451355457187,0.1072700631767677,-0.7226904263512473,0.6394586248411134,0.19610710400637837,2949.109,-0.00012788985804000212,371.02895439294883,1.4318084249673686
4.08536200130755,0.05432871617070221,-1.1290982808807266,0.2406331472556676,0.5490140510155428,1325.422,0.00014180149398203076,190.22665858670348,0.24679429200190198,0.10781318300562144,-0.7213903970160294,0.6433225433662534,0.1993581050502087,3052.484,-0.0001285364422459628,370.54310845426187,1.4262562585106868
4.085338056057914,0.05438811426475575,-1.128280742534676,0.24039794598962305,0.5475249608364098,1321.828,0.00014229013731219527,190.22565023803685,0.24674577165016023,0.1074499941220728,-0.7253858385675809,0.6298308323559161,0.19908417909445525,3053.4529999999995,-0.00012848917074197516,368.62386773491056,1.4260877528924913
4.085655473151505,0.05444082554219327,-1.1285571869669162,0.2388928884705946,0.5466190720224573,1319.641,0.00014268936070066377,189.70970112219905,0.24701314903471083,0.10792156613635666,-0.7258103607115847,0.6449573880780917,0.2065719558262189,3275.3439999999996,-0.00012813754329371065,370.96158056780575,1.4212633510031694
4.085373988034113,0.054289291793730134,-1.127547351162616,0.23863442503478463,0.5454971171335178,1317.047,0.000142551545519891,189.64029538361558,0.246495388897582,0.10761903621469669,-0.7246571043550301,0.6356093861279086,0.20143162614029197,3123.2810000000004,-0.00012764287807578366,371.50453121594046,1.4163272748795108
4.085556663589605,0.054277535476758815,-1.127326367587376,0.2364059500354033,0.5434450343147046,1312.078,0.0001430686067473355,188.83706607990678,0.24653298440254776,0.10763279509397888,-0.7222694190840824,0.6412669438937126,0.19712602589756975,2958.781,-0.00012799238505532826,371.30392283247716,1.4165781829175994
4.085467994789659,0.05427034146480964,-1.1263558885432206,0.23637811928709462,0.5438694396088735,1312.922,0.0001429601834326988,188.6883727081257,0.24636772125230072,0.10742074040592775,-0.7211710410040988,0.6388635657237419,0.19677384588895358,2959.0310000000004,-0.00012782548127666208,370.17315408132816,1.4108401729425177
4.085732949234441,0.05442816304876238,-1.1271472998183196,0.2360398794999758,0.543094700125332,1310.953,0.00014357288597822225,188.40013528717216,0.2468013968373201,0.10818895085434073,-0.7231711662334401,0.6411403630196346,0.20173608051941902,3090.281,-0.00012758709476469422,372.4712280207739,1.4109949628347804
4.085766017573185,0.05431674210911359,-1.125827201220783,0.2336908541764202,0.5427011748776304,1309.86,0.0001434336338309366,188.53821104973753,0.24481181662637674,0.1077694649318546,-0.7113690786714741,0.64729799402197,0.2062142387004618,3278.8909999999996,-0.0001257511443726579,374.11518794446295,1.4061714290398801
4.08580135099272,0.05439754024846492,-1.126120624539528,0.233921854513883,0.5415083614995613,1307.5,0.0001439121134656805,187.86871145644903,0.24545192538852095,0.10751218551197958,-0.7148011161098808,0.6425048679303569,0.2046920289901235,3236.359,-0.00012686324601455013,372.5941586424931,1.4063358479692922
4.085753171420912,0.05436220030576348,-1.124202502095348,0.2341954293730946,0.5409582157483015,1306.156,0.00014395983140950375,187.6743742777347,0.2461589834723842,0.10803520303507055,-0.720879997468252,0.6389707702704297,0.20336730378391524,3160.8750000000005,-0.00012703430610330553,371.8773924272946,1.4004552399066514
4.085653563476902,0.0542936227615164,-1.1256730893012852,0.2338685525266657,0.5388486202686896,1301.0,0.00014431455795268445,187.0001591044954,0.24675581698826263,0.1080970792899544,-0.7188705342272192,0.6446318110518626,0.20124307305184302,3079.297,-0.00012761036156764413,373.096027364574,1.4217865046055154
4.084882279396424,0.05405567248890303,-1.117011561055404,0.25039776421283927,0.561308587821771,1355.422,0.00013792381596264698,195.74076043354756,0.2432540237493531,0.10639856770709788,-0.6801277696419055,0.6715169259607555,0.20568777789064963,3285.578,-0.00012395909816632526,377.7533948382038,1.4324552720625434
